,SOURCE_SUBREDDIT,TARGET_SUBREDDIT,date,0
115,opgotserved,askreddit,2016,0.019005084806752635
120,newsfromnowhere,askreddit,2016,0.019005084806752635
122,redditorstories,askreddit,2016,0.019005084806752635
123,opgotserved,askreddit,2016,0.019005084806752635
124,funniestof,askreddit,2016,0.019005084806752635
125,nyto,askreddit,2016,0.019005084806752635
126,shartingfreude,askreddit,2016,0.019005084806752635
127,shartingfreude,askreddit,2016,0.019005084806752635
128,redditgoneretarded,askreddit,2016,0.019005084806752635
129,diyporn,askreddit,2016,0.019005084806752635
130,stuffredditsays,askreddit,2016,0.019005084806752635
131,explainusingcunthairs,askreddit,2016,0.019005084806752635
132,literallyorwell,askreddit,2016,0.019005084806752635
133,technicallyright,askreddit,2016,0.019005084806752635
134,punintended,askreddit,2016,0.019005084806752635
135,redditgoneretarded,askreddit,2016,0.019005084806752635
136,impostersyndrome,askreddit,2016,0.019005084806752635
137,giftedkids,askreddit,2016,0.019005084806752635
138,mostgilded,askreddit,2016,0.019005084806752635
139,nyto,askreddit,2016,0.019005084806752635
140,theydidthesimplemath,askreddit,2016,0.019005084806752635
121,trapstories,askreddit,2016,0.019005084806752635
119,missedthethread,askreddit,2016,0.019005084806752635
96,thereisnogod,askreddit,2016,0.019005084806752635
118,retiredusernames,askreddit,2016,0.019005084806752635
98,profoundstatements,askreddit,2016,0.019005084806752635
99,retiredemoticon,askreddit,2016,0.019005084806752635
100,ggggbabybabybaby,askreddit,2016,0.019005084806752635
101,redditbookmarks,askreddit,2016,0.019005084806752635
102,theydidthesimplemath,askreddit,2016,0.019005084806752635
103,redditbookmarks,askreddit,2016,0.019005084806752635
104,captainmagictrousers,askreddit,2016,0.019005084806752635
105,thathappens,askreddit,2016,0.019005084806752635
106,killerthreads,askreddit,2016,0.019005084806752635
107,lotteryhorrorstories,askreddit,2016,0.019005084806752635
108,randomactsofburrito,askreddit,2016,0.019005084806752635
109,inbed,askreddit,2016,0.019005084806752635
110,femalesandgentlemen,askreddit,2016,0.019005084806752635
111,ledankmemes,askreddit,2016,0.019005084806752635
112,someoneshould,askreddit,2016,0.019005084806752635
113,osta1014,askreddit,2016,0.019005084806752635
114,opgotserved,askreddit,2016,0.019005084806752635
116,predictabletopcomment,askreddit,2016,0.019005084806752635
117,didnazithatcoming,askreddit,2016,0.019005084806752635
141,mostgilded,askreddit,2016,0.019005084806752635
142,shittyedits,askreddit,2016,0.019005084806752635
143,shithatinterestsme,askreddit,2016,0.019005084806752635
154,thephenomenon,askreddit,2016,0.019005084806752635
144,ggplay,askreddit,2016,0.019005084806752635
161,homestuck,askreddit,2016,0.019005084806752635
160,defaultgems,askreddit,2016,0.019005084806752635
159,androidcirclejerk,askreddit,2016,0.019005084806752635
158,childfree,askreddit,2016,0.019005084806752635
157,weeabootales,askreddit,2016,0.019005084806752635
156,badphilosophy,askreddit,2016,0.019005084806752635
155,spacedandy,askreddit,2016,0.019005084806752635
97,commentchains,askreddit,2016,0.019005084806752635
153,trolls,askreddit,2016,0.019005084806752635
151,subredditsashashtags,askreddit,2016,0.019005084806752635
150,redditorshatingreddit,askreddit,2016,0.019005084806752635
149,bestofedits,askreddit,2016,0.019005084806752635
148,mostgilded,askreddit,2016,0.019005084806752635
147,nyto,askreddit,2016,0.019005084806752635
146,treefiddy,askreddit,2016,0.019005084806752635
152,bestofedits,askreddit,2016,0.019005084806752635
145,badmythos,askreddit,2016,0.019005084806752635
224,retiredusernames,pics,2016,0.009067411160076247
220,retiredtitles,pics,2016,0.009067411160076247
221,peoplewithouttalent,pics,2016,0.009067411160076247
222,nyto,pics,2016,0.009067411160076247
223,italycirclejerk,pics,2016,0.009067411160076247
227,whydidhedothemath,pics,2016,0.009067411160076247
225,spontaneousseinfeld,pics,2016,0.009067411160076247
226,johngoodmanhate,pics,2016,0.009067411160076247
218,221bbakerst,pics,2016,0.009067411160076247
228,epost,pics,2016,0.009067411160076247
229,chemistryporn,pics,2016,0.009067411160076247
219,whatthefuckreddit,pics,2016,0.009067411160076247
213,imopandimafag,pics,2016,0.009067411160076247
217,bobsburgersdidit,pics,2016,0.009067411160076247
216,greenmtncirclejerk,pics,2016,0.009067411160076247
215,selfentitledasshats,pics,2016,0.009067411160076247
214,fuckbrad,pics,2016,0.009067411160076247
231,projecthatefuck,pics,2016,0.009067411160076247
212,commentchains,pics,2016,0.009067411160076247
211,shittoliveby,pics,2016,0.009067411160076247
232,shitredditdoes,pics,2016,0.009067411160076247
234,fullenglishbreakfast,pics,2016,0.009067411160076247
235,upvotebecauseofass,pics,2016,0.009067411160076247
236,karmacringe,pics,2016,0.009067411160076247
237,mildredditdrama,pics,2016,0.009067411160076247
233,norwayonreddit,pics,2016,0.009067411160076247
230,mostgilded,pics,2016,0.009067411160076247
24,adamsavage,funny,2016,0.008421712491714322
32,upvotedbecausegirl,funny,2016,0.008421712491714322
26,itbecameathing,funny,2016,0.008421712491714322
25,norwayonreddit,funny,2016,0.008421712491714322
9,greenmtncirclejerk,funny,2016,0.008421712491714322
8,commentchains,funny,2016,0.008421712491714322
7,badartcriticism,funny,2016,0.008421712491714322
6,fuckbrad,funny,2016,0.008421712491714322
5,imopandimafag,funny,2016,0.008421712491714322
10,greenmtncirclejerk,funny,2016,0.008421712491714322
12,greenmtncirclejerk,funny,2016,0.008421712491714322
13,usernamechecksout,funny,2016,0.008421712491714322
14,racistshitredditsays,funny,2016,0.008421712491714322
15,hailscandinavia,funny,2016,0.008421712491714322
16,officialprl,funny,2016,0.008421712491714322
11,laslomas,funny,2016,0.008421712491714322
31,humor,funny,2016,0.008421712491714322
18,redditgoneretarded,funny,2016,0.008421712491714322
4,imopandimafag,funny,2016,0.008421712491714322
23,stopsayinggoodtimes,funny,2016,0.008421712491714322
22,fakebutfunny,funny,2016,0.008421712491714322
21,reddit_outloud,funny,2016,0.008421712491714322
30,unnecessaryquotes,funny,2016,0.008421712491714322
19,punintended,funny,2016,0.008421712491714322
20,unnecessaryapostrophe,funny,2016,0.008421712491714322
29,civ,funny,2016,0.008421712491714322
17,officialprl,funny,2016,0.008421712491714322
28,notcirclejerk,funny,2016,0.008421712491714322
27,funniestof,funny,2016,0.008421712491714322
42,showerargument,videos,2016,0.007388847826827078
47,punintended,videos,2016,0.007388847826827078
50,unlockedthread,videos,2016,0.007388847826827078
49,punintended,videos,2016,0.007388847826827078
48,buzzfeedtitles,videos,2016,0.007388847826827078
45,predictabletopcomment,videos,2016,0.007388847826827078
46,upvotebecauseboobs,videos,2016,0.007388847826827078
43,reddithateswomen,videos,2016,0.007388847826827078
44,waitingforop,videos,2016,0.007388847826827078
52,punintended,videos,2016,0.007388847826827078
40,karmamartyr,videos,2016,0.007388847826827078
41,hailfuckingmorons,videos,2016,0.007388847826827078
51,opgotserved,videos,2016,0.007388847826827078
55,lockcarbon,videos,2016,0.007388847826827078
53,vargas_gonewild,videos,2016,0.007388847826827078
61,bestof2015,videos,2016,0.007388847826827078
54,norwayonreddit,videos,2016,0.007388847826827078
63,switcharoo,videos,2016,0.007388847826827078
62,subredditdrama,videos,2016,0.007388847826827078
57,pka,videos,2016,0.007388847826827078
60,airforce,videos,2016,0.007388847826827078
58,shitamericanssay,videos,2016,0.007388847826827078
56,bollywoodrealism,videos,2016,0.007388847826827078
59,circlebroke2,videos,2016,0.007388847826827078
82,todaygoylearned,todayilearned,2016,0.0067433991280067135
92,switcharoo,todayilearned,2016,0.0067433991280067135
91,howto,todayilearned,2016,0.0067433991280067135
90,humblebrag,todayilearned,2016,0.0067433991280067135
89,notcirclejerk,todayilearned,2016,0.0067433991280067135
88,makerspace,todayilearned,2016,0.0067433991280067135
87,norwayonreddit,todayilearned,2016,0.0067433991280067135
86,gdamania,todayilearned,2016,0.0067433991280067135
85,todaygoylearned,todayilearned,2016,0.0067433991280067135
84,punintended,todayilearned,2016,0.0067433991280067135
83,badcomputerscience,todayilearned,2016,0.0067433991280067135
80,fakescenarionames,todayilearned,2016,0.0067433991280067135
81,ule88,todayilearned,2016,0.0067433991280067135
79,todaygoylearned,todayilearned,2016,0.0067433991280067135
78,redditgoneretarded,todayilearned,2016,0.0067433991280067135
76,nyto,todayilearned,2016,0.0067433991280067135
75,nyto,todayilearned,2016,0.0067433991280067135
74,nyto,todayilearned,2016,0.0067433991280067135
73,reddithateswomen,todayilearned,2016,0.0067433991280067135
72,greenmtncirclejerk,todayilearned,2016,0.0067433991280067135
71,redditbookmarks,todayilearned,2016,0.0067433991280067135
70,ldsbestof,todayilearned,2016,0.0067433991280067135
69,medialies,todayilearned,2016,0.0067433991280067135
77,originaljokes,todayilearned,2016,0.0067433991280067135
438,nyto,subredditdrama,2016,0.005933182119600065
442,shirtredditsays,subredditdrama,2016,0.005933182119600065
443,subredditdramadrama,subredditdrama,2016,0.005933182119600065
441,greatcommentrachel,subredditdrama,2016,0.005933182119600065
440,smugredditdrama,subredditdrama,2016,0.005933182119600065
437,nzsubredditdrama,subredditdrama,2016,0.005933182119600065
436,redditfanfiction,subredditdrama,2016,0.005933182119600065
435,redditfanfiction,subredditdrama,2016,0.005933182119600065
439,smugredditdrama,subredditdrama,2016,0.005933182119600065
174,subredditsashashtags,wtf,2016,0.0052486295059531885
175,belgium,wtf,2016,0.0052486295059531885
163,thisonedoesnt,wtf,2016,0.0052486295059531885
164,edwingustovsyndrome,wtf,2016,0.0052486295059531885
165,imopandimafag,wtf,2016,0.0052486295059531885
166,karmamartyr,wtf,2016,0.0052486295059531885
167,proalcoholism,wtf,2016,0.0052486295059531885
168,awesomemutantpowers,wtf,2016,0.0052486295059531885
169,badlifechoices,wtf,2016,0.0052486295059531885
170,retiredusernames,wtf,2016,0.0052486295059531885
171,linkgore,wtf,2016,0.0052486295059531885
176,videos,wtf,2016,0.0052486295059531885
172,redditgoneretarded,wtf,2016,0.0052486295059531885
178,scp,wtf,2016,0.0052486295059531885
177,shitpost,wtf,2016,0.0052486295059531885
173,invadersm,wtf,2016,0.0052486295059531885
245,bitcoin_elitism,bitcoin,2016,0.004655638255982224
247,coinrx,bitcoin,2016,0.004655638255982224
243,justthebitcointip,bitcoin,2016,0.004655638255982224
244,iphones4bitcoins,bitcoin,2016,0.004655638255982224
246,bitcoindev,bitcoin,2016,0.004655638255982224
248,theforkening,bitcoin,2016,0.004655638255982224
249,sorryforyourloss,bitcoin,2016,0.004655638255982224
250,sorryforyourloss,bitcoin,2016,0.004655638255982224
251,neobee,bitcoin,2016,0.004655638255982224
252,bitcointhailand,bitcoin,2016,0.004655638255982224
253,sorryforyourloss,bitcoin,2016,0.004655638255982224
254,bitcoinxt,bitcoin,2016,0.004655638255982224
408,redditactsofkindness,bestof,2016,0.004336444356948743
407,lotteryhorrorstories,bestof,2016,0.004336444356948743
281,thrusthamster69,adviceanimals,2016,0.004269987003716479
283,imnosjwbut,adviceanimals,2016,0.004269987003716479
282,justlike1984,adviceanimals,2016,0.004269987003716479
272,itwasaspidermanthread,adviceanimals,2016,0.004269987003716479
271,fuckbrad,adviceanimals,2016,0.004269987003716479
279,punintended,adviceanimals,2016,0.004269987003716479
273,stormfrontanimals,adviceanimals,2016,0.004269987003716479
274,swaah,adviceanimals,2016,0.004269987003716479
275,punintended,adviceanimals,2016,0.004269987003716479
276,kyleandpatrick,adviceanimals,2016,0.004269987003716479
277,technicallyright,adviceanimals,2016,0.004269987003716479
278,imgurtegration,adviceanimals,2016,0.004269987003716479
280,dutchshitonreddit,adviceanimals,2016,0.004269987003716479
343,greenmtncirclejerk,news,2016,0.004188069735671657
344,reddinati,news,2016,0.004188069735671657
345,advicefromsociopaths,news,2016,0.004188069735671657
346,shitwesternerssay,news,2016,0.004188069735671657
347,wallscrawl,news,2016,0.004188069735671657
348,imnosjwbut,news,2016,0.004188069735671657
349,obzidi4n,news,2016,0.004188069735671657
350,bestofpoutrageculture,news,2016,0.004188069735671657
351,enoughmuskspam,news,2016,0.004188069735671657
352,notcirclejerk,news,2016,0.004188069735671657
353,asablackman,news,2016,0.004188069735671657
394,karmamartyr,gifs,2016,0.004052606711553875
406,bestof,gifs,2016,0.004052606711553875
405,titlegore,gifs,2016,0.004052606711553875
404,depthhub,gifs,2016,0.004052606711553875
403,northernireland,gifs,2016,0.004052606711553875
402,ripbestof,gifs,2016,0.004052606711553875
401,nyto,gifs,2016,0.004052606711553875
399,og_ops,gifs,2016,0.004052606711553875
398,redditquote,gifs,2016,0.004052606711553875
397,punintended,gifs,2016,0.004052606711553875
396,phikappatheta,gifs,2016,0.004052606711553875
395,retiredusernames,gifs,2016,0.004052606711553875
400,itbecameathing,gifs,2016,0.004052606711553875
373,moviescirclejerk,movies,2016,0.003795481276616073
366,redditgoneretarded,movies,2016,0.003795481276616073
371,moviecirclejerk,movies,2016,0.003795481276616073
370,redditorshatingreddit,movies,2016,0.003795481276616073
369,celebrityworship,movies,2016,0.003795481276616073
363,redditbookmarks,movies,2016,0.003795481276616073
364,greenmtncirclejerk,movies,2016,0.003795481276616073
365,car_,movies,2016,0.003795481276616073
368,ivorycoast,movies,2016,0.003795481276616073
367,memento,movies,2016,0.003795481276616073
372,unexpectedhogwarts,movies,2016,0.003795481276616073
190,conkersbadfurday,gaming,2016,0.003512739830694808
189,whythedownvotes,gaming,2016,0.003512739830694808
188,karmamartyr,gaming,2016,0.003512739830694808
187,ihatepokemon,gaming,2016,0.003512739830694808
191,customavatars,gaming,2016,0.003512739830694808
193,uselesssuperpowers,gaming,2016,0.003512739830694808
194,opieandanthony,gaming,2016,0.003512739830694808
195,cringeanarchy,gaming,2016,0.003512739830694808
192,gamingshowerthoughts,gaming,2016,0.003512739830694808
186,atheism,tifu,2016,0.003409048736281377
185,retiredjpegs,tifu,2016,0.003409048736281377
184,tiwf,tifu,2016,0.003409048736281377
182,retiredspecieses,tifu,2016,0.003409048736281377
183,selfcockblock,tifu,2016,0.003409048736281377
181,gunsexuals,tifu,2016,0.003409048736281377
179,ishatmyself,tifu,2016,0.003409048736281377
180,duckduckgoose,tifu,2016,0.003409048736281377
305,commentchains,mildlyinteresting,2016,0.0031332595573218126
306,commentchains,mildlyinteresting,2016,0.0031332595573218126
307,greenmtncirclejerk,mildlyinteresting,2016,0.0031332595573218126
308,mildlysuspicious,mildlyinteresting,2016,0.0031332595573218126
309,willopdeliver,mildlyinteresting,2016,0.0031332595573218126
311,imsotriggered,mildlyinteresting,2016,0.0031332595573218126
312,mildlymisleading,mildlyinteresting,2016,0.0031332595573218126
313,retiredusernames,mildlyinteresting,2016,0.0031332595573218126
314,mildlyeducational,mildlyinteresting,2016,0.0031332595573218126
310,titlecringe,mildlyinteresting,2016,0.0031332595573218126
490,enoughsandersspam,sandersforpresident,2016,0.003078600851182714
485,downgoessanders,sandersforpresident,2016,0.003078600851182714
489,valleyforbernie,sandersforpresident,2016,0.003078600851182714
488,kentuckyforsanders,sandersforpresident,2016,0.003078600851182714
487,dc4sanders,sandersforpresident,2016,0.003078600851182714
491,badpolitics,sandersforpresident,2016,0.003078600851182714
486,retiredsubreddits,sandersforpresident,2016,0.003078600851182714
255,thingsthatbackfire,explainlikeimfive,2016,0.0029883142008822277
256,theyexplainedthemath,explainlikeimfive,2016,0.0029883142008822277
257,othertimesitsth5,explainlikeimfive,2016,0.0029883142008822277
258,context,explainlikeimfive,2016,0.0029883142008822277
259,firepe,explainlikeimfive,2016,0.0029883142008822277
260,topmindsofreddit,explainlikeimfive,2016,0.0029883142008822277
468,bestof,writingprompts,2016,0.0029817794716627427
464,bestofwritingprompts,writingprompts,2016,0.0029817794716627427
466,opinionsaboutnothing,writingprompts,2016,0.0029817794716627427
467,skyrim,writingprompts,2016,0.0029817794716627427
463,wumbowrites,writingprompts,2016,0.0029817794716627427
461,bestofwritingprompts,writingprompts,2016,0.0029817794716627427
462,bestofwritingprompts,writingprompts,2016,0.0029817794716627427
465,wumbowrites,writingprompts,2016,0.0029817794716627427
458,trauermarsch,writingprompts,2016,0.0029817794716627427
459,occams_ramblings,writingprompts,2016,0.0029817794716627427
460,bestofwritingprompts,writingprompts,2016,0.0029817794716627427
208,evolution,science,2016,0.0028994281664379905
203,batesmethod,science,2016,0.0028994281664379905
204,universityofulster,science,2016,0.0028994281664379905
205,metriccooking,science,2016,0.0028994281664379905
206,ill_brain_insights,science,2016,0.0028994281664379905
207,brain_damage,science,2016,0.0028994281664379905
199,ctc,iama,2016,0.0028201028330160503
198,medfield,iama,2016,0.0028201028330160503
201,circlebroke2,iama,2016,0.0028201028330160503
202,scientology,iama,2016,0.0028201028330160503
200,bestofedits,iama,2016,0.0028201028330160503
197,dinosaur_jr,iama,2016,0.0028201028330160503
196,johncusack,iama,2016,0.0028201028330160503
327,antiisis,worldnews,2016,0.0027116392705667522
328,randomactsofburrito,worldnews,2016,0.0027116392705667522
329,unintentionalpuns,worldnews,2016,0.0027116392705667522
330,especiallywithcontext,worldnews,2016,0.0027116392705667522
331,punintended,worldnews,2016,0.0027116392705667522
332,shitwesternerssay,worldnews,2016,0.0027116392705667522
333,norwayonreddit,worldnews,2016,0.0027116392705667522
334,trebblebiscuit,worldnews,2016,0.0027116392705667522
559,tenderfoottuesday,hockey,2016,0.002648172562757854
572,nightlypick,hockey,2016,0.002648172562757854
562,tenderfoottuesday,hockey,2016,0.002648172562757854
563,tenderfoottuesday,hockey,2016,0.002648172562757854
564,tenderfoottuesday,hockey,2016,0.002648172562757854
565,tenderfoottuesday,hockey,2016,0.002648172562757854
560,tenderfoottuesday,hockey,2016,0.002648172562757854
558,jokinen,hockey,2016,0.002648172562757854
571,hockeypowerrankings,hockey,2016,0.002648172562757854
557,lynahfaithful,hockey,2016,0.002648172562757854
566,hockeypowerrankings,hockey,2016,0.002648172562757854
567,tenderfoottuesday,hockey,2016,0.002648172562757854
568,hockeypowerrankings,hockey,2016,0.002648172562757854
569,hockeypowerrankings,hockey,2016,0.002648172562757854
570,hockeypowerrankings,hockey,2016,0.002648172562757854
561,literallyorwell,hockey,2016,0.002648172562757854
38,jleague,soccer,2016,0.002522448181979611
37,villarrealcf,soccer,2016,0.002522448181979611
36,granadacf,soccer,2016,0.002522448181979611
35,santosfc,soccer,2016,0.002522448181979611
34,karmamartyr,soccer,2016,0.002522448181979611
33,jasoncirclejerk,soccer,2016,0.002522448181979611
623,shitshitpost,shitpost,2016,0.0023527054895782443
622,shitshitpost,shitpost,2016,0.0023527054895782443
620,shitshitshitpost,shitpost,2016,0.0023527054895782443
621,shitshitpost,shitpost,2016,0.0023527054895782443
264,ahrimains,leagueoflegends,2016,0.002207291311177466
261,showerargument,leagueoflegends,2016,0.002207291311177466
266,bindingofisaac,leagueoflegends,2016,0.002207291311177466
265,subredditcancer,leagueoflegends,2016,0.002207291311177466
262,leagueleaks,leagueoflegends,2016,0.002207291311177466
263,gromp,leagueoflegends,2016,0.002207291311177466
730,sunguardians,buttonaftermath,2016,0.0021546521733322305
728,purplelounge,buttonaftermath,2016,0.0021546521733322305
729,orangerevolution,buttonaftermath,2016,0.0021546521733322305
731,churchofthebutton,buttonaftermath,2016,0.0021546521733322305
422,awesomesaucephil,badphilosophy,2016,0.0021075284198011877
421,poetics,badphilosophy,2016,0.0021075284198011877
296,punintended,jokes,2016,0.0020751179307981985
295,riskyclickoftheday,jokes,2016,0.0020751179307981985
294,misreadfrontpage,jokes,2016,0.0020751179307981985
293,dryhumor,jokes,2016,0.0020751179307981985
292,karmamartyr,jokes,2016,0.0020751179307981985
297,mildredditdrama,jokes,2016,0.0020751179307981985
495,commentchains,legaladvice,2016,0.002042502586141475
496,snowflakesfromhell,legaladvice,2016,0.002042502586141475
497,easementporn,legaladvice,2016,0.002042502586141475
498,shitredditgilds,legaladvice,2016,0.002042502586141475
499,yougottold,legaladvice,2016,0.002042502586141475
517,nyto,hearthstone,2016,0.0019706573529339718
516,getfitplaying,hearthstone,2016,0.0019706573529339718
520,hearthstonecirclejerk,hearthstone,2016,0.0019706573529339718
519,tempoeloise,hearthstone,2016,0.0019706573529339718
518,eudown,hearthstone,2016,0.0019706573529339718
472,racistshitredditsays,politics,2016,0.0019271020457205922
474,xmen_rp,politics,2016,0.0019271020457205922
476,titlegore,politics,2016,0.0019271020457205922
475,enoughlibertarianspam,politics,2016,0.0019271020457205922
473,reddyawards,politics,2016,0.0019271020457205922
530,switcharoo,space,2016,0.001870751467081859
529,ripbestof,space,2016,0.001870751467081859
526,spacenewstoday,space,2016,0.001870751467081859
527,citationneeded,space,2016,0.001870751467081859
528,notksprelatedbut,space,2016,0.001870751467081859
324,fakeowlsurvivors,aww,2016,0.001857717344876899
325,bestof,aww,2016,0.001857717344876899
323,punintended,aww,2016,0.001857717344876899
322,cowstories,aww,2016,0.001857717344876899
419,thisshouldbeavideo,interestingasfuck,2016,0.0018553197613333156
412,interestingasallfuck,interestingasfuck,2016,0.0018553197613333156
415,punintended,interestingasfuck,2016,0.0018553197613333156
416,thisshouldbeavideo,interestingasfuck,2016,0.0018553197613333156
417,thisshouldbeavideo,interestingasfuck,2016,0.0018553197613333156
418,thisshouldbeavideo,interestingasfuck,2016,0.0018553197613333156
413,retiredjpegs,interestingasfuck,2016,0.0018553197613333156
420,retiredsubreddits,interestingasfuck,2016,0.0018553197613333156
414,thisshouldbeavideo,interestingasfuck,2016,0.0018553197613333156
507,eline,technology,2016,0.0018523506467713997
508,unexpectedcomcast,technology,2016,0.0018523506467713997
509,panichistory,technology,2016,0.0018523506467713997
510,news,technology,2016,0.0018523506467713997
385,locked,nottheonion,2016,0.0018252979996363822
382,ackbar,nottheonion,2016,0.0018252979996363822
383,punintended,nottheonion,2016,0.0018252979996363822
386,internethitlers,nottheonion,2016,0.0018252979996363822
384,punintended,nottheonion,2016,0.0018252979996363822
387,shitamericanssay,nottheonion,2016,0.0018252979996363822
506,shitgermanssay,shitamericanssay,2016,0.0017908231778568403
605,outdooracademy,hunting,2016,0.0017378211595572303
302,indiaunedit,india,2016,0.0017378211595572303
887,thesimpsons,nfl,2016,0.0017378211595572303
886,redskins,nfl,2016,0.0017378211595572303
606,outdoorswithjeff,hunting,2016,0.0017378211595572303
301,usashouldknow,india,2016,0.0017378211595572303
604,howtofindpassion,hunting,2016,0.0017378211595572303
94,avirusnamedtom,games,2016,0.0016984110963437404
93,starcraft2arcade,games,2016,0.0016984110963437404
95,subredditdrama,games,2016,0.0016984110963437404
680,bestof,squaredcircle,2016,0.001638957539870461
679,aquamarines,squaredcircle,2016,0.001638957539870461
678,censorship,european,2016,0.0016175005586972714
676,badmusicology,european,2016,0.0016175005586972714
677,misc,european,2016,0.0016175005586972714
657,hiddenconspiracy,conspiracy,2016,0.0015582316971078111
655,fluoridemyths,conspiracy,2016,0.0015582316971078111
656,ihaterconspiracyclub,conspiracy,2016,0.0015582316971078111
524,stupidredditors,panichistory,2016,0.001554622030332824
636,fullcommunism,de,2016,0.001530346081791494
635,scheissedielasessagt,de,2016,0.001530346081791494
591,jackasscomments,diy,2016,0.0015229342361836548
589,chippendale,diy,2016,0.0015229342361836548
590,firehazard,diy,2016,0.0015229342361836548
338,wikipedians,gamedev,2016,0.0015196830844932346
340,programming,gamedev,2016,0.0015196830844932346
339,narrativedesign,gamedev,2016,0.0015196830844932346
